file,method,variant,n_queries,mean_flops_per_query,min_flops_per_query,max_flops_per_query,total_flops_per_trial,plotted_flops_per_trial
hpo_cmaes_5trials_200iterations_results.json,CMAES,hpo,1050,2.65445965824e+17,1.583788064768e+17,2.919673888768e+17,5.574365282304e+19,5.3506425749504e+19
hpo_ei_5trials_200iterations_results.json,LogEI,hpo,1050,2.7718722082133334e+17,1.583788064768e+17,2.919673888768e+17,5.820931637248e+19,5.5972089298944e+19
hpo_gibbon_5trials_200iterations_results.json,GIBBON,hpo,1050,2.795354718208e+17,1.583788064768e+17,2.919673888768e+17,5.8702449082368e+19,5.6465222008832e+19
hpo_jes_5trials_200iterations_results.json,JES,hpo,1050,2.7780518161066666e+17,1.583788064768e+17,2.919673888768e+17,5.833908813824e+19,5.6101861064704e+19
hpo_mes_5trials_200iterations_results.json,MES,hpo,1050,2.752170164224e+17,1.583788064768e+17,2.919673888768e+17,5.7795573448704e+19,5.5558346375168e+19
hpo_pes_5trials_200iterations_results.json,PES,hpo,1050,2.7586405771946666e+17,1.583788064768e+17,2.919673888768e+17,5.7931452121088e+19,5.5694225047552e+19
hpo_qnei_5trials_200iterations_results.json,LogNEI,hpo,1050,2.7933190826666666e+17,1.583788064768e+17,2.919673888768e+17,5.8659700736e+19,5.6422473662464e+19
hpo_random_5trials_200iterations_results.json,RANDOM,hpo,1050,2.1772121757013334e+17,1.583788064768e+17,2.919673888768e+17,4.5721455689728e+19,4.3484228616192e+19
hpo_tpe_5trials_200iterations_results.json,TPE,hpo,1050,2.7345764570453334e+17,1.583788064768e+17,2.919673888768e+17,5.7426105597952e+19,5.5188878524416e+19
hpo_ts_5trials_200iterations_results.json,TS,hpo,1050,2.7795785427626666e+17,1.583788064768e+17,2.919673888768e+17,5.8371149398016e+19,5.613392232448e+19
hpo_ucb_5trials_200iterations_beta10_results.json,UCB(beta=10.0),hpo,1050,2.7797239453013334e+17,1.583788064768e+17,2.919673888768e+17,5.8374202851328e+19,5.6136975777792e+19
hpo_ucb_5trials_200iterations_results.json,UCB,hpo,1050,2.7337767430826666e+17,1.583788064768e+17,2.919673888768e+17,5.7409311604736e+19,5.51720845312e+19
hpo_fd_step_bohb_5trials_200iterations_results.json,BOHB,hpo_fd_step,2250,1.0742499900441707e+17,1.5130681979804326e+16,2.919673888768e+17,4.834124955198769e+19,4.727186128896e+19
hpo_fd_step_ei_5trials_200iterations_cost0.01_results.json,LogEI,hpo_fd_step,1197,2.4037246672364435e+17,1740426444800000.0,2.919673888768e+17,5.754516853364046e+19,5.647578027061278e+19
hpo_fd_step_mfgibbon_5trials_200iterations_cost0.05_results.json,MF-GIBBON,hpo_fd_step,1057,2.7600280804269123e+17,1.5130681979804326e+16,2.919673888768e+17,5.8346993620224926e+19,5.727760535719725e+19
hpo_fd_step_mfmes_5trials_200iterations_cost0.05_results.json,MF-MES,hpo_fd_step,1069,2.7404688467764214e+17,1740426444800000.0,2.919673888768e+17,5.8591223944079884e+19,5.752183568105221e+19
hpo_fd_step_qnei_5trials_200iterations_cost0.05_results.json,LogNEI,hpo_fd_step,1194,2.430396146889629e+17,1740426444800000.0,2.919673888768e+17,5.8037859987724345e+19,5.696847172469666e+19
hpo_fd_step_random_5trials_200iterations_results.json,RANDOM,hpo_fd_step,1895,1.0653352064047154e+17,1790594229294113.8,2.898766078458944e+17,4.037620432273872e+19,3.930681605971104e+19
hpo_fd_step_ucb_5trials_200iterations_cost0.005_results.json,UCB,hpo_fd_step,1336,2.0690614227773395e+17,1740426444800000.0,2.919673888768e+17,5.528532121661052e+19,5.421593295358284e+19
hpo_fd_model_asha_5trials_200iterations_results.json,ASHA,hpo_fd_model,2122,2.0812421346148614e+17,8.79227568128e+16,2.919673888768e+17,8.832791619305472e+19,8.812678904020992e+19
hpo_fd_model_ei_5trials_200iterations_cost0.01_results.json,LogEI,hpo_fd_model,1296,2.5308171948183702e+17,8.79227568128e+16,2.919673888768e+17,6.559878168969216e+19,6.393590059630592e+19
hpo_fd_model_mfgibbon_5trials_200iterations_cost0.05_results.json,MF-GIBBON,hpo_fd_model,1058,2.7606131960934592e+17,8.79227568128e+16,2.919673888768e+17,5.84145752293376e+19,5.675169413595136e+19
hpo_fd_model_mfmes_5trials_200iterations_cost0.05_results.json,MF-MES,hpo_fd_model,2335,1.9164351691677328e+17,8.79227568128e+16,2.919673888768e+17,8.949752240013312e+19,8.783464130674688e+19
hpo_fd_model_pes_5trials_200iterations_cost0.005_results.json,PES,hpo_fd_model,1485,2.3559208020871328e+17,8.79227568128e+16,2.919673888768e+17,6.997084782198784e+19,6.83079667286016e+19
hpo_fd_model_qnei_5trials_200iterations_cost0.05_results.json,LogNEI,hpo_fd_model,1131,2.725528059715678e+17,8.79227568128e+16,2.919673888768e+17,6.165144471076864e+19,5.99885636173824e+19
hpo_fd_model_random_5trials_200iterations_results.json,RANDOM,hpo_fd_model,1810,1.69818928850118e+17,8.79227568128e+16,2.919673888768e+17,6.147445224374272e+19,5.981157115035648e+19
hpo_fd_model_ucb_5trials_200iterations_cost0.005_results.json,UCB,hpo_fd_model,1389,2.41642184032834e+17,8.79227568128e+16,2.919673888768e+17,6.712819872432128e+19,6.546531763093504e+19
dmo_reference,"data mixture (Qwen3-4B, all layers, 1e7 tokens)",dm_curriculum,1,1.7901027328e+17,1.7901027328e+17,1.7901027328e+17,1.8e+17,1.8e+17
