config_idx,if_prop1,math_prop1,code_prop1,if_prop2,math_prop2,code_prop2,n_seeds,mean_ifeval,std_ifeval,mean_math,std_math,mean_code,std_code,mean_avg,std_avg
0,0.801901638507843,0.0320289880037307,0.1660693883895874,0.3041296005249023,0.4405409395694732,0.2553294003009796,5.0,0.5208633093525179,0.00742050285216584,0.4779999999999999,0.07727871634544661,0.8015873015873016,0.008153986776413985,0.6001502036466065,0.026218154446837866
1,0.0583280026912689,0.6829317808151245,0.2587402462959289,0.025464991107583,0.7444435954093933,0.2300914376974105,5.0,0.4529976019184653,0.011100035310343506,0.49960000000000004,0.013371611720357435,0.8243386243386244,0.012769860726081673,0.5923120754190299,0.007707334378623499
2,0.3422696590423584,0.6556833386421204,0.0020469487644732,0.6533809304237366,0.346619039773941,0.0,5.0,0.5179856115107914,0.012315730566051631,0.508,0.015165750888103116,0.7978835978835979,0.013822593098003325,0.607956403131463,0.01240979531822281
3,0.6174618005752563,0.2655092179775238,0.1170289739966392,0.4652735590934753,0.0314799509942531,0.5032464265823364,5.0,0.5366906474820144,0.016906049623035543,0.38919999999999993,0.05843971252496029,0.7952380952380953,0.00849037382850857,0.5737095809067032,0.018168652943805163
4,0.3962605595588684,0.6011284589767456,0.0026110105682164,0.1240535154938697,0.8456230163574219,0.0303234979510307,5.0,0.5062350119904077,0.011100035310343516,0.5108,0.014805404418657412,0.7941798941798941,0.012323613437938731,0.6037383020567674,0.011079514637033622
5,0.0318486616015434,0.5119022130966187,0.4562491178512573,0.0212640538811683,0.1909176409244537,0.7878183126449585,5.0,0.45611510791366905,0.008546057401057761,0.506,0.0058309518948453055,0.7941798941798941,0.012323613437938754,0.585431667364521,0.005052071678515527
6,0.0676892325282096,0.649319589138031,0.2829912006855011,0.036639466881752,0.0262072961777448,0.9371532201766968,5.0,0.4719424460431655,0.012621292438312486,0.4824,0.018514858897652982,0.7994708994708996,0.018929675999998206,0.5846044485046883,0.005297263200045399
7,0.3409734964370727,0.1713640391826629,0.4876624643802643,0.0203175731003284,0.7040926814079285,0.2755897343158722,5.0,0.4971223021582734,0.007564417407955683,0.47759999999999997,0.03389395226290378,0.802116402116402,0.010314068089744924,0.5922795680915585,0.013342941949418978
8,0.0995547398924827,0.6034977436065674,0.2969475090503692,0.7881920337677002,0.1999859362840652,0.0118220066651701,5.0,0.506714628297362,0.007611784291656551,0.4584,0.03732023579775455,0.8063492063492064,0.016026593895090962,0.5904879448821895,0.01775612187315685
9,0.0055994931608438,0.7889496684074402,0.2054508328437805,0.0809419751167297,0.8234832882881165,0.0955747440457344,5.0,0.45155875299760184,0.014748688845740964,0.5036,0.006542170893518456,0.8142857142857143,0.00924034349025029,0.5898148224277721,0.002644031626627629
10,0.2923792600631714,0.262592613697052,0.4450280964374542,0.0442607477307319,0.1594997346401214,0.7962394952774048,5.0,0.49784172661870496,0.014348465517171838,0.4772,0.03568192819901975,0.7920634920634921,0.019131941515094727,0.5890350728940656,0.016066895362345995
11,0.7370328307151794,0.0635116174817085,0.1994555294513702,0.0164821036159992,0.3475326299667358,0.635985255241394,5.0,0.5273381294964028,0.013496534115352727,0.4192,0.03189357302028106,0.8047619047619048,0.005088725942241103,0.5837666780861026,0.012173746414301705
12,0.4547670483589173,0.1740632057189941,0.3711697459220886,0.2089307457208633,0.765439510345459,0.0256297085434198,5.0,0.5117505995203837,0.018641131691506017,0.4864,0.029711950457686213,0.8052910052910054,0.00946483799999912,0.6011472016037964,0.009034094053438892
13,0.6914222240447998,0.3085777759552002,0.0,0.0873896703124046,0.8413642644882202,0.0712460502982139,5.0,0.5031175059952038,0.016735104385964403,0.514,0.016370705543744913,0.8238095238095238,0.006640158940746643,0.6136423432682425,0.006879790089839615
14,0.3195034861564636,0.0836914703249931,0.5968050360679626,0.7503819465637207,0.0163378491997718,0.2332801967859268,5.0,0.5266187050359712,0.011164608486316323,0.44399999999999995,0.04118252056394799,0.806878306878307,0.009164289987136925,0.5924990039714261,0.0130261226076029
15,0.3930063247680664,0.3496661484241485,0.257327526807785,0.2513354122638702,0.351528137922287,0.3971364498138428,5.0,0.5235011990407673,0.00784432960853531,0.4848,0.02586890024720804,0.7962962962962964,0.011831047499998894,0.6015324984456878,0.011330958259739976
16,0.4076755046844482,0.2152217924594879,0.3771027028560638,0.4266209006309509,0.3785702288150787,0.1948088705539703,5.0,0.518705035971223,0.008376138703392332,0.46959999999999996,0.015192103211866342,0.8005291005291004,0.009464837999999089,0.5962780455001078,0.002792464760439763
17,0.4016485512256622,0.4113977253437042,0.1869537234306335,0.3795900046825409,0.2290380001068115,0.39137202501297,5.0,0.5194244604316547,0.008621428303236207,0.44320000000000004,0.03106766808114186,0.7761904761904762,0.015939016223695302,0.5796049788740436,0.014364792412676882
18,0.3880211114883423,0.4411877393722534,0.1707911789417266,0.3083982467651367,0.4172924160957336,0.2743093371391296,5.0,0.5004796163069545,0.01182742954019923,0.5088,0.015336231610144666,0.7962962962962964,0.005291005291005305,0.6018586375344169,0.006208682574677028
19,0.3734047412872314,0.404511034488678,0.222084179520607,0.3924465179443359,0.3187207877635956,0.2888326942920685,5.0,0.5155875299760192,0.008307198117836291,0.48599999999999993,0.02922327839240492,0.7962962962962963,0.010073773949555451,0.5992946087574385,0.011656707676505295
20,0.4370876252651214,0.2992999851703644,0.2636123895645141,0.3126928210258484,0.322334349155426,0.3649728298187256,5.0,0.5215827338129497,0.010279633213118877,0.4628,0.05563452165697123,0.7952380952380953,0.011317063299580675,0.593206943017015,0.014710774461461396
21,0.2937363982200622,0.3885584175586701,0.3177051544189453,0.3997664451599121,0.156958132982254,0.4432754218578338,5.0,0.524220623501199,0.01090402162531381,0.47640000000000005,0.016876018487783178,0.78994708994709,0.006898626883812309,0.5968559044827629,0.006757271072919373
22,0.3471526205539703,0.4130177795886993,0.2398295998573303,0.3471526205539703,0.4130177795886993,0.2398295998573303,5.0,0.5117505995203836,0.008579637323740202,0.49239999999999995,0.02725435744977306,0.8047619047619048,0.01354125279584098,0.6029708347607629,0.013355663029057814
23,0.3439669013023376,0.3163252770900726,0.3397078514099121,0.3362987637519836,0.2780646681785583,0.3856366276741028,5.0,0.5129496402877697,0.013281778423067624,0.454,0.043977266854592044,0.7925925925925925,0.004426772627164414,0.5865140776267875,0.015406600156512705
24,0.2070567458868026,0.4287637770175934,0.3641794919967651,0.3147948682308197,0.3016311228275299,0.3835740685462952,5.0,0.5083932853717026,0.010623528265389292,0.4984,0.025744902408049636,0.7899470899470898,0.00442677262716442,0.5989134584395975,0.009852910526724264
25,0.3765971064567566,0.3185154795646667,0.3048874139785766,0.3765971064567566,0.3185154795646667,0.3048874139785766,5.0,0.516546762589928,0.010010374803233501,0.4588,0.027770487932335646,0.7873015873015874,0.013695427624915116,0.5875494499638385,0.013489180038146495
26,0.2437490969896316,0.4339396357536316,0.3223113119602203,0.2437490969896316,0.4339396357536316,0.3223113119602203,5.0,0.5093525179856115,0.012385574588601173,0.5167999999999999,0.010256705123966477,0.7947089947089947,0.005157034044872467,0.6069538375648686,0.0035951052180501967
27,0.3359109461307525,0.3077873289585113,0.3563017249107361,0.3359109461307525,0.3077873289585113,0.3563017249107361,5.0,0.5146282973621104,0.010397833759558193,0.4603999999999999,0.04524157380109582,0.7957671957671957,0.018078676786528962,0.5902651643764354,0.016720177619577066
28,0.3071295320987701,0.2634808421134949,0.4293895661830902,0.3071295320987701,0.2634808421134949,0.4293895661830902,5.0,0.5112709832134292,0.011456958451406466,0.472,0.029664793948382655,0.7904761904761906,0.015357592882222208,0.5912490578965398,0.009699486890724111
29,0.3147439658641815,0.3544507026672363,0.3308053910732269,0.3147439658641815,0.3544507026672363,0.3308053910732269,5.0,0.5074340527577937,0.012091896628756553,0.48840000000000006,0.008294576541331096,0.7931216931216931,0.011741979376281558,0.5963185819598289,0.009626493560921849
30,0.9595959186553956,0.0379608049988746,0.0024433087091892,0.9595959186553956,0.0379608049988746,0.0024433087091892,5.0,0.5340527577937649,0.02150933428920017,0.48480000000000006,0.06091961917149516,0.828042328042328,0.006204253650560098,0.6156316952786978,0.016885994439889928
31,0.0,0.0,1.0,0.3406777381896972,0.4342985451221466,0.2250237315893173,5.0,0.46906474820143884,0.009902073295953289,0.5132,0.011541230437002817,0.8396825396825397,0.011622160125126327,0.6073157626279928,0.005242848690664827
32,0.0213929843157529,0.9771100282669068,0.0014970067422837,0.3879701495170593,0.081840381026268,0.5301894545555115,5.0,0.5095923261390888,0.009326348432916104,0.4795999999999999,0.022777181564012698,0.7682539682539684,0.023706419912401973,0.5858154314643523,0.012206297337923715
33,0.0494277663528919,0.0173780471086502,0.9331941604614258,0.0494277663528919,0.0173780471086502,0.9331941604614258,5.0,0.4757793764988009,0.0039221648042676565,0.502,0.007071067811865482,0.8158730158730159,0.006640158940746648,0.5978841307906055,0.00410866310318336
34,0.6783209443092346,0.321679025888443,0.0,0.0,0.0,1.0,5.0,0.46570743405275783,0.03677753383727737,0.5024,0.016697305171793457,0.7968253968253968,0.0063160509980493725,0.5883109436260515,0.0172069742445135
35,0.0,0.1695092767477035,0.83049076795578,0.4293182790279389,0.0,0.5706818103790283,5.0,0.5237410071942447,0.006643594809206284,0.4732,0.02777048793233565,0.8132275132275133,0.0103479403257185,0.6033895068072527,0.009859317479949252
36,0.0054689417593181,0.0358679331839084,0.9586631059646606,0.9233656525611876,0.0386212952435016,0.0380129739642143,5.0,0.5045563549160671,0.007971592392611382,0.4484,0.04126499727371856,0.8280423280423281,0.005611958580845635,0.5936662276527984,0.014123541114386438
37,0.0386615805327892,0.3813244998455048,0.5800139307975769,0.0189141500741243,0.9748663306236268,0.0062195835635066,5.0,0.4666666666666667,0.009341751165842882,0.5068,0.015270887335056873,0.8142857142857143,0.010482334791618506,0.5959174603174604,0.004467917587720961
38,0.5133598446846008,0.268079936504364,0.2185602337121963,0.9250194430351256,0.0040820073336362,0.0708985701203346,5.0,0.529496402877698,0.019214604915117655,0.4848,0.03324454842526818,0.8111111111111111,0.006640158940746603,0.608469171329603,0.01587273092562892
39,0.0157749410718679,0.942138135433197,0.0420869477093219,0.0298096891492605,0.4562934935092926,0.5138968229293823,5.0,0.44076738609112703,0.01949317272169836,0.4976,0.01089954127475098,0.8111111111111111,0.006090404462021846,0.5831594990674127,0.0077176896049695395
40,0.1975191980600357,0.0174369066953659,0.7850438952445984,0.0272520575672388,0.4434927403926849,0.529255211353302,5.0,0.49640287769784164,0.01590707333503789,0.49119999999999997,0.03562583332358698,0.8174603174603176,0.006204253650560109,0.6016877317193865,0.007006351601614289
41,0.0135194165632128,0.3500885963439941,0.6363919377326965,0.4732762277126312,0.4540193080902099,0.0727044865489006,5.0,0.48920863309352514,0.029419290518909614,0.5028,0.010256705123966477,0.807936507936508,0.012632101996098766,0.5999817136766776,0.011591766283167304
42,0.7094649076461792,0.2778189480304718,0.0127161256968975,0.6101723909378052,0.384991317987442,0.0048362924717366,5.0,0.5282973621103118,0.010230565471319676,0.49800000000000005,0.0270185121722126,0.8063492063492064,0.007340971918260099,0.6108821894865061,0.011951468243921343
43,0.3221209943294525,0.6498376727104187,0.0280413217842578,0.075824849307537,0.2513369023799896,0.6728382706642151,5.0,0.5019184652278177,0.010195372503348354,0.48360000000000003,0.020169283576765937,0.7825396825396826,0.008853545254328838,0.5893527159225,0.01078317609006045
44,0.0045678233727812,0.7015034556388855,0.2939286828041076,0.4630298316478729,0.5369701981544495,0.0,5.0,0.48177458033573145,0.049039154957573376,0.5119999999999999,0.010583005244258372,0.7846560846560846,0.02541610819994804,0.5928102216639386,0.010875311097166593
45,0.0627231895923614,0.916755437850952,0.0205213595181703,0.7272850871086121,0.0600505843758583,0.2126643657684326,5.0,0.5316546762589928,0.01352845343651635,0.4640000000000001,0.04591296113299598,0.8074074074074075,0.007340971918260117,0.6010206945554667,0.014693980535323678
46,0.1672067791223526,0.0311534274369478,0.8016397953033447,0.1490796059370041,0.850229799747467,0.0006905770278535,5.0,0.5095923261390887,0.008220209352998874,0.4868,0.02640454506330302,0.819047619047619,0.005157034044872473,0.6051466483955693,0.007916295991726066
47,0.7107951045036316,0.0090265022590756,0.2801783978939056,0.6652026176452637,0.0955202132463455,0.239277184009552,5.0,0.5285371702637891,0.016095754623069378,0.458,0.04424929377967517,0.8010582010582011,0.006032674206873721,0.5958651237739967,0.019335612757979757
48,0.9525683522224426,0.0,0.0474316254258155,0.3437340259552002,0.0681924223899841,0.5880734920501709,5.0,0.5340527577937649,0.014428401876730284,0.42400000000000004,0.060909769331364244,0.8021164021164022,0.014894908211914555,0.586723053303389,0.026149712038546886
49,0.2967624068260193,0.0232767704874277,0.6799607872962952,0.5768611431121826,0.4231388866901397,0.0,5.0,0.516546762589928,0.004438070868902071,0.47919999999999996,0.007293833011524194,0.8137566137566138,0.005157034044872467,0.6031677921155139,0.003989774548870331
