problem,method,last_iteration,num_trials,batch_size,acq_fn,turbo,baxus,seed,log_simple_regret_all
po128,GIBBON,200,5,1,gibbon,False,False,0,-4.268697949366878
po128,GIBBON,200,5,1,gibbon,False,False,1,-3.7297014486341906
po128,GIBBON,200,5,1,gibbon,False,False,2,-4.135166556742355
po128,GIBBON,200,5,1,gibbon,False,False,3,-4.135166556742355
po128,GIBBON,200,5,1,gibbon,False,False,4,-4.605170185988091
po128,LogEI,200,5,1,ei,False,False,0,-4.422848629194136
po128,LogEI,200,5,1,ei,False,False,1,-4.268697949366878
po128,LogEI,200,5,1,ei,False,False,2,-4.268697949366878
po128,LogEI,200,5,1,ei,False,False,3,-4.422848629194136
po128,LogEI,200,5,1,ei,False,False,4,-4.268697949366878
po128,LogNEI,200,5,1,qnei,False,False,0,-4.828313737302301
po128,LogNEI,200,5,1,qnei,False,False,1,-3.912023005428145
po128,LogNEI,200,5,1,qnei,False,False,2,-5.115995809754081
po128,LogNEI,200,5,1,qnei,False,False,3,-4.422848629194136
po128,LogNEI,200,5,1,qnei,False,False,4,-3.575550768806932
po128,LogNEI(q=5),200,5,5,qnei,False,False,0,-18.420680743952367
po128,LogNEI(q=5),200,5,5,qnei,False,False,1,-18.420680743952367
po128,LogNEI(q=5),200,5,5,qnei,False,False,2,-4.828313737302301
po128,LogNEI(q=5),200,5,5,qnei,False,False,3,-5.115995809754081
po128,LogNEI(q=5),200,5,5,qnei,False,False,4,-18.420680743952367
po128,RANDOM,200,5,1,random,False,False,0,-3.912023005428145
po128,RANDOM,200,5,1,random,False,False,1,-5.115995809754081
po128,RANDOM,200,5,1,random,False,False,2,-3.912023005428145
po128,RANDOM,200,5,1,random,False,False,3,-3.6496587409606542
po128,RANDOM,200,5,1,random,False,False,4,-5.521460917862245
po128,TS,200,5,1,ts,False,False,0,-4.135166556742355
po128,TS,200,5,1,ts,False,False,1,-4.268697949366878
po128,TS,200,5,1,ts,False,False,2,-3.6496587409606542
po128,TS,200,5,1,ts,False,False,3,-3.912023005428145
po128,TS,200,5,1,ts,False,False,4,-4.268697949366878
po128,UCB,200,5,1,ucb,False,False,0,-3.381394754365975
po128,UCB,200,5,1,ucb,False,False,1,-4.605170185988091
po128,UCB,200,5,1,ucb,False,False,2,-4.268697949366878
po128,UCB,200,5,1,ucb,False,False,3,-3.912023005428145
po128,UCB,200,5,1,ucb,False,False,4,-3.8167128256238203
po128,dBAxUS+LogNEI,200,5,1,qnei,False,True,0,-3.912023005428145
po128,dBAxUS+LogNEI,200,5,1,qnei,False,True,1,-4.605170185988091
po128,dBAxUS+LogNEI,200,5,1,qnei,False,True,2,-4.828313737302301
po128,dBAxUS+LogNEI,200,5,1,qnei,False,True,3,-5.115995809754081
po128,dBAxUS+LogNEI,200,5,1,qnei,False,True,4,-5.521460917862245
po128,dBAxUS+LogNEI(q=5),200,5,5,qnei,False,True,0,-18.420680743952367
po128,dBAxUS+LogNEI(q=5),200,5,5,qnei,False,True,1,-4.828313737302301
po128,dBAxUS+LogNEI(q=5),200,5,5,qnei,False,True,2,-18.420680743952367
po128,dBAxUS+LogNEI(q=5),200,5,5,qnei,False,True,3,-18.420680743952367
po128,dBAxUS+LogNEI(q=5),200,5,5,qnei,False,True,4,-4.828313737302301
po128,dTuRBO+LogNEI,200,5,1,qnei,True,False,0,-4.422848629194136
po128,dTuRBO+LogNEI,200,5,1,qnei,True,False,1,-5.521460917862245
po128,dTuRBO+LogNEI,200,5,1,qnei,True,False,2,-18.420680743952367
po128,dTuRBO+LogNEI,200,5,1,qnei,True,False,3,-4.422848629194136
po128,dTuRBO+LogNEI,200,5,1,qnei,True,False,4,-18.420680743952367
po128,dTuRBO+LogNEI(q=5),200,5,5,qnei,True,False,0,-18.420680743952367
po128,dTuRBO+LogNEI(q=5),200,5,5,qnei,True,False,1,-18.420680743952367
po128,dTuRBO+LogNEI(q=5),200,5,5,qnei,True,False,2,-18.420680743952367
po128,dTuRBO+LogNEI(q=5),200,5,5,qnei,True,False,3,-18.420680743952367
po128,dTuRBO+LogNEI(q=5),200,5,5,qnei,True,False,4,-18.420680743952367
po256,GIBBON,200,5,1,gibbon,False,False,0,-4.135166556742355
po256,GIBBON,200,5,1,gibbon,False,False,1,-4.268697949366878
po256,GIBBON,200,5,1,gibbon,False,False,2,-4.605170185988091
po256,GIBBON,200,5,1,gibbon,False,False,3,-4.605170185988091
po256,GIBBON,200,5,1,gibbon,False,False,4,-4.828313737302301
po256,LogEI,200,5,1,ei,False,False,0,-4.828313737302301
po256,LogEI,200,5,1,ei,False,False,1,-5.115995809754081
po256,LogEI,200,5,1,ei,False,False,2,-3.6496587409606542
po256,LogEI,200,5,1,ei,False,False,3,-4.422848629194136
po256,LogEI,200,5,1,ei,False,False,4,-4.605170185988091
po256,LogNEI,200,5,1,qnei,False,False,0,-4.828313737302301
po256,LogNEI,200,5,1,qnei,False,False,1,-5.521460917862245
po256,LogNEI,200,5,1,qnei,False,False,2,-4.605170185988091
po256,LogNEI,200,5,1,qnei,False,False,3,-4.268697949366878
po256,LogNEI,200,5,1,qnei,False,False,4,-4.828313737302301
po256,LogNEI(q=5),200,5,5,qnei,False,False,0,-18.420680743952367
po256,LogNEI(q=5),200,5,5,qnei,False,False,1,-4.828313737302301
po256,LogNEI(q=5),200,5,5,qnei,False,False,2,-5.115995809754081
po256,LogNEI(q=5),200,5,5,qnei,False,False,3,-18.420680743952367
po256,LogNEI(q=5),200,5,5,qnei,False,False,4,-18.420680743952367
po256,RANDOM,200,5,1,random,False,False,0,-3.912023005428145
po256,RANDOM,200,5,1,random,False,False,1,-5.115995809754081
po256,RANDOM,200,5,1,random,False,False,2,-3.912023005428145
po256,RANDOM,200,5,1,random,False,False,3,-3.6496587409606542
po256,RANDOM,200,5,1,random,False,False,4,-5.521460917862245
po256,TS,200,5,1,ts,False,False,0,-3.7297014486341906
po256,TS,200,5,1,ts,False,False,1,-4.268697949366878
po256,TS,200,5,1,ts,False,False,2,-3.912023005428145
po256,TS,200,5,1,ts,False,False,3,-4.422848629194136
po256,TS,200,5,1,ts,False,False,4,-4.268697949366878
po256,UCB,200,5,1,ucb,False,False,0,-4.268697949366878
po256,UCB,200,5,1,ucb,False,False,1,-4.268697949366878
po256,UCB,200,5,1,ucb,False,False,2,-4.135166556742355
po256,UCB,200,5,1,ucb,False,False,3,-3.912023005428145
po256,UCB,200,5,1,ucb,False,False,4,-5.115995809754081
po256,dBAxUS+LogNEI,200,5,1,qnei,False,True,0,-4.422848629194136
po256,dBAxUS+LogNEI,200,5,1,qnei,False,True,1,-3.44201937618241
po256,dBAxUS+LogNEI,200,5,1,qnei,False,True,2,-18.420680743952367
po256,dBAxUS+LogNEI,200,5,1,qnei,False,True,3,-5.521460917862245
po256,dBAxUS+LogNEI,200,5,1,qnei,False,True,4,-3.575550768806932
po256,dBAxUS+LogNEI(q=5),200,5,5,qnei,False,True,0,-18.420680743952367
po256,dBAxUS+LogNEI(q=5),200,5,5,qnei,False,True,1,-18.420680743952367
po256,dBAxUS+LogNEI(q=5),200,5,5,qnei,False,True,2,-18.420680743952367
po256,dBAxUS+LogNEI(q=5),200,5,5,qnei,False,True,3,-18.420680743952367
po256,dBAxUS+LogNEI(q=5),200,5,5,qnei,False,True,4,-18.420680743952367
po256,dTuRBO+LogNEI,200,5,1,qnei,True,False,0,-18.420680743952367
po256,dTuRBO+LogNEI,200,5,1,qnei,True,False,1,-3.44201937618241
po256,dTuRBO+LogNEI,200,5,1,qnei,True,False,2,-18.420680743952367
po256,dTuRBO+LogNEI,200,5,1,qnei,True,False,3,-18.420680743952367
po256,dTuRBO+LogNEI,200,5,1,qnei,True,False,4,-18.420680743952367
po256,dTuRBO+LogNEI(q=5),200,5,5,qnei,True,False,0,-18.420680743952367
po256,dTuRBO+LogNEI(q=5),200,5,5,qnei,True,False,1,-18.420680743952367
po256,dTuRBO+LogNEI(q=5),200,5,5,qnei,True,False,2,-18.420680743952367
po256,dTuRBO+LogNEI(q=5),200,5,5,qnei,True,False,3,-18.420680743952367
po256,dTuRBO+LogNEI(q=5),200,5,5,qnei,True,False,4,-18.420680743952367
po512,GIBBON,200,5,1,gibbon,False,False,0,-4.135166556742355
po512,GIBBON,200,5,1,gibbon,False,False,1,-4.605170185988091
po512,GIBBON,200,5,1,gibbon,False,False,2,-4.828313737302301
po512,GIBBON,200,5,1,gibbon,False,False,3,-3.7297014486341906
po512,GIBBON,200,5,1,gibbon,False,False,4,-4.135166556742355
po512,LogEI,200,5,1,ei,False,False,0,-3.912023005428145
po512,LogEI,200,5,1,ei,False,False,1,-4.828313737302301
po512,LogEI,200,5,1,ei,False,False,2,-4.135166556742355
po512,LogEI,200,5,1,ei,False,False,3,-4.828313737302301
po512,LogEI,200,5,1,ei,False,False,4,-4.268697949366878
po512,LogNEI,200,5,1,qnei,False,False,0,-3.912023005428145
po512,LogNEI,200,5,1,qnei,False,False,1,-4.828313737302301
po512,LogNEI,200,5,1,qnei,False,False,2,-4.828313737302301
po512,LogNEI,200,5,1,qnei,False,False,3,-4.828313737302301
po512,LogNEI,200,5,1,qnei,False,False,4,-4.828313737302301
po512,LogNEI(q=5),200,5,5,qnei,False,False,0,-18.420680743952367
po512,LogNEI(q=5),200,5,5,qnei,False,False,1,-4.828313737302301
po512,LogNEI(q=5),200,5,5,qnei,False,False,2,-5.115995809754081
po512,LogNEI(q=5),200,5,5,qnei,False,False,3,-18.420680743952367
po512,LogNEI(q=5),200,5,5,qnei,False,False,4,-18.420680743952367
po512,RANDOM,200,5,1,random,False,False,0,-3.912023005428145
po512,RANDOM,200,5,1,random,False,False,1,-5.115995809754081
po512,RANDOM,200,5,1,random,False,False,2,-3.912023005428145
po512,RANDOM,200,5,1,random,False,False,3,-3.6496587409606542
po512,RANDOM,200,5,1,random,False,False,4,-5.521460917862245
po512,TS,200,5,1,ts,False,False,0,-4.268697949366878
po512,TS,200,5,1,ts,False,False,1,-4.135166556742355
po512,TS,200,5,1,ts,False,False,2,-4.828313737302301
po512,TS,200,5,1,ts,False,False,3,-4.828313737302301
po512,TS,200,5,1,ts,False,False,4,-4.135166556742355
po512,UCB,200,5,1,ucb,False,False,0,-4.268697949366878
po512,UCB,200,5,1,ucb,False,False,1,-3.912023005428145
po512,UCB,200,5,1,ucb,False,False,2,-4.268697949366878
po512,UCB,200,5,1,ucb,False,False,3,-3.912023005428145
po512,UCB,200,5,1,ucb,False,False,4,-4.135166556742355
po512,dBAxUS+LogNEI,200,5,1,qnei,False,True,0,-18.420680743952367
po512,dBAxUS+LogNEI,200,5,1,qnei,False,True,1,-18.420680743952367
po512,dBAxUS+LogNEI,200,5,1,qnei,False,True,2,-3.6496587409606542
po512,dBAxUS+LogNEI,200,5,1,qnei,False,True,3,-18.420680743952367
po512,dBAxUS+LogNEI,200,5,1,qnei,False,True,4,-18.420680743952367
po512,dBAxUS+LogNEI(q=5),200,5,5,qnei,False,True,0,-18.420680743952367
po512,dBAxUS+LogNEI(q=5),200,5,5,qnei,False,True,1,-18.420680743952367
po512,dBAxUS+LogNEI(q=5),200,5,5,qnei,False,True,2,-18.420680743952367
po512,dBAxUS+LogNEI(q=5),200,5,5,qnei,False,True,3,-18.420680743952367
po512,dBAxUS+LogNEI(q=5),200,5,5,qnei,False,True,4,-18.420680743952367
po512,dTuRBO+LogNEI,200,5,1,qnei,True,False,0,-4.605170185988091
po512,dTuRBO+LogNEI,200,5,1,qnei,True,False,1,-18.420680743952367
po512,dTuRBO+LogNEI,200,5,1,qnei,True,False,2,-3.912023005428145
po512,dTuRBO+LogNEI,200,5,1,qnei,True,False,3,-18.420680743952367
po512,dTuRBO+LogNEI,200,5,1,qnei,True,False,4,-3.44201937618241
po512,dTuRBO+LogNEI(q=5),200,5,5,qnei,True,False,0,-18.420680743952367
po512,dTuRBO+LogNEI(q=5),200,5,5,qnei,True,False,1,-18.420680743952367
po512,dTuRBO+LogNEI(q=5),200,5,5,qnei,True,False,2,-18.420680743952367
po512,dTuRBO+LogNEI(q=5),200,5,5,qnei,True,False,3,-18.420680743952367
po512,dTuRBO+LogNEI(q=5),200,5,5,qnei,True,False,4,-18.420680743952367
po768,GIBBON,200,5,1,gibbon,False,False,0,-5.521460917862245
po768,GIBBON,200,5,1,gibbon,False,False,1,-4.828313737302301
po768,GIBBON,200,5,1,gibbon,False,False,2,-3.912023005428145
po768,GIBBON,200,5,1,gibbon,False,False,3,-5.521460917862245
po768,GIBBON,200,5,1,gibbon,False,False,4,-3.8167128256238203
po768,LogEI,200,5,1,ei,False,False,0,-18.420680743952367
po768,LogEI,200,5,1,ei,False,False,1,-3.8167128256238203
po768,LogEI,200,5,1,ei,False,False,2,-18.420680743952367
po768,LogEI,200,5,1,ei,False,False,3,-3.912023005428145
po768,LogEI,200,5,1,ei,False,False,4,-4.605170185988091
po768,LogNEI,200,5,1,qnei,False,False,0,-3.912023005428145
po768,LogNEI,200,5,1,qnei,False,False,1,-4.135166556742355
po768,LogNEI,200,5,1,qnei,False,False,2,-4.828313737302301
po768,LogNEI,200,5,1,qnei,False,False,3,-5.521460917862245
po768,LogNEI,200,5,1,qnei,False,False,4,-3.2701691192557503
po768,LogNEI(q=5),200,5,5,qnei,False,False,0,-18.420680743952367
po768,LogNEI(q=5),200,5,5,qnei,False,False,1,-5.521460917862245
po768,LogNEI(q=5),200,5,5,qnei,False,False,2,-18.420680743952367
po768,LogNEI(q=5),200,5,5,qnei,False,False,3,-5.115995809754081
po768,LogNEI(q=5),200,5,5,qnei,False,False,4,-18.420680743952367
po768,RANDOM,200,5,1,random,False,False,0,-3.912023005428145
po768,RANDOM,200,5,1,random,False,False,1,-5.115995809754081
po768,RANDOM,200,5,1,random,False,False,2,-3.912023005428145
po768,RANDOM,200,5,1,random,False,False,3,-3.6496587409606542
po768,RANDOM,200,5,1,random,False,False,4,-5.521460917862245
po768,TS,200,5,1,ts,False,False,0,-4.605170185988091
po768,TS,200,5,1,ts,False,False,1,-4.268697949366878
po768,TS,200,5,1,ts,False,False,2,-3.912023005428145
po768,TS,200,5,1,ts,False,False,3,-5.521460917862245
po768,TS,200,5,1,ts,False,False,4,-3.7297014486341906
po768,UCB,200,5,1,ucb,False,False,0,-4.268697949366878
po768,UCB,200,5,1,ucb,False,False,1,-4.422848629194136
po768,UCB,200,5,1,ucb,False,False,2,-3.8167128256238203
po768,UCB,200,5,1,ucb,False,False,3,-4.135166556742355
po768,UCB,200,5,1,ucb,False,False,4,-3.7297014486341906
po768,dBAxUS+LogNEI,200,5,1,qnei,False,True,0,-18.420680743952367
po768,dBAxUS+LogNEI,200,5,1,qnei,False,True,1,-4.828313737302301
po768,dBAxUS+LogNEI,200,5,1,qnei,False,True,2,-18.420680743952367
po768,dBAxUS+LogNEI,200,5,1,qnei,False,True,3,-5.521460917862245
po768,dBAxUS+LogNEI,200,5,1,qnei,False,True,4,-4.422848629194136
po768,dBAxUS+LogNEI(q=5),200,5,5,qnei,False,True,0,-18.420680743952367
po768,dBAxUS+LogNEI(q=5),200,5,5,qnei,False,True,1,-18.420680743952367
po768,dBAxUS+LogNEI(q=5),200,5,5,qnei,False,True,2,-18.420680743952367
po768,dBAxUS+LogNEI(q=5),200,5,5,qnei,False,True,3,-18.420680743952367
po768,dBAxUS+LogNEI(q=5),200,5,5,qnei,False,True,4,-18.420680743952367
po768,dTuRBO+LogNEI,200,5,1,qnei,True,False,0,-18.420680743952367
po768,dTuRBO+LogNEI,200,5,1,qnei,True,False,1,-3.912023005428145
po768,dTuRBO+LogNEI,200,5,1,qnei,True,False,2,-18.420680743952367
po768,dTuRBO+LogNEI,200,5,1,qnei,True,False,3,-5.115995809754081
po768,dTuRBO+LogNEI,200,5,1,qnei,True,False,4,-4.135166556742355
po768,dTuRBO+LogNEI(q=5),200,5,5,qnei,True,False,0,-18.420680743952367
po768,dTuRBO+LogNEI(q=5),200,5,5,qnei,True,False,1,-18.420680743952367
po768,dTuRBO+LogNEI(q=5),200,5,5,qnei,True,False,2,-18.420680743952367
po768,dTuRBO+LogNEI(q=5),200,5,5,qnei,True,False,3,-18.420680743952367
po768,dTuRBO+LogNEI(q=5),200,5,5,qnei,True,False,4,-18.420680743952367
